date,daily_avg_stress,sleep_score,resting_hr,body_battery_charge,hrv_status,sleep_quality,sleep_duration_min,sleep_debt_min,total_distance_mi,total_active_calories,max_aerobic_training_effect,avg_workout_hr,workout_count,primary_activity
2026-09-11,24,84.0,47.0,73.0,,Good,406.0,74.0,0.0,,,,0.0,
2026-09-12,37,,,,,--,,,0.0,,,,0.0,
2026-09-13,29,85.0,49.0,79.0,62.0,Good,433.0,47.0,0.0,,,,0.0,
2026-09-14,27,91.0,49.0,72.0,60.0,Excellent,444.0,36.0,0.0,,,,0.0,
2026-09-15,16,95.0,47.0,80.0,60.0,Excellent,457.0,23.0,0.0,,,,0.0,
2026-09-16,26,86.0,48.0,72.0,59.0,Good,410.0,70.0,0.0,,,,0.0,
2026-09-17,16,82.0,48.0,73.0,59.0,Good,402.0,78.0,0.0,,,,0.0,
2026-09-18,20,87.0,46.0,70.0,57.0,Good,417.0,63.0,0.0,,,,0.0,
2026-09-19,21,87.0,48.0,66.0,57.0,Good,416.0,64.0,0.0,,,,0.0,
2026-09-20,26,96.0,47.0,74.0,57.0,Excellent,465.0,15.0,0.0,,,,0.0,
2026-09-21,30,86.0,47.0,75.0,58.0,Good,447.0,33.0,0.0,,,,0.0,
2026-09-22,23,78.0,49.0,73.0,58.0,Fair,427.0,53.0,0.0,,,,0.0,
2026-09-23,19,85.0,49.0,61.0,58.0,Good,411.0,69.0,0.0,,,,0.0,
2026-09-24,19,89.0,47.0,73.0,59.0,Good,424.0,56.0,0.35511363636363635,166.0,2.1,133.0,1.0,Pool Swim
2026-09-25,26,81.0,47.0,70.0,60.0,Good,439.0,41.0,1.75,1360.0,2.5,124.5,2.0,Strength Training
2026-09-26,25,77.0,51.0,63.0,59.0,Fair,360.0,120.0,0.0,,,,0.0,
2026-09-27,31,82.0,49.0,73.0,58.0,Good,391.0,129.0,4.0,481.0,3.4,160.0,1.0,Running
2026-09-28,30,83.0,50.0,67.0,58.0,Good,402.0,108.0,0.3409090909090909,710.0,2.2,128.5,2.0,Pool Swim
2026-09-29,20,81.0,47.0,77.0,57.0,Good,430.0,80.0,1.66,1285.0,2.4,119.5,2.0,Strength Training
2026-09-30,32,85.0,49.0,73.0,58.0,Good,405.0,75.0,2.0,651.0,2.7,144.5,2.0,Strength Training
2026-10-01,25,76.0,49.0,63.0,55.0,Fair,362.0,118.0,0.0,550.0,1.6,107.0,1.0,Strength Training
2026-10-02,21,84.0,49.0,67.0,55.0,Good,414.0,126.0,2.51,1125.0,2.0,115.5,2.0,Strength Training
2026-10-03,25,83.0,50.0,60.0,56.0,Good,394.0,136.0,0.0,,,,0.0,
2026-10-04,30,85.0,47.0,65.0,56.0,Good,414.0,106.0,5.0,620.0,3.5,164.0,1.0,Running
2026-10-05,25,77.0,47.0,79.0,57.0,Fair,506.0,-6.0,0.0,,,,0.0,
2026-10-06,23,86.0,48.0,69.0,57.0,Good,413.0,67.0,0.0,858.0,2.1,128.0,2.0,Indoor Cycling
2026-10-07,25,82.0,49.0,65.0,57.0,Good,397.0,83.0,1.53,979.0,3.1,129.0,2.0,Soccer/Football
2026-10-08,17,82.0,49.0,60.0,58.0,Good,396.0,84.0,2.0,938.0,2.7,132.0,2.0,Strength Training
